story,summary
"In the depths of the ancient forest, where the trees whispered secrets of old, a young knight stumbled upon a crystal-clear pond that mirrored the stars above, even under the sun. Guided by legends, he drank the water, hoping to gain the strength to defeat the dragon terrorizing his homeland. As his body filled with a newfound power, the pond revealed its true guardian, a fae, who offered wisdom far beyond mere strength to ensure victory and peace.","Sure, I'd be happy to help. Here are the keywords"
"Far into the future, humanity had spread across the stars, but Earth had become a tale of caution, wrapped in legends and lost to time. A curious historian, aboard a sleek spacecraft, deciphered an ancient star map leading back to the forsaken planet, seeking the truth behind humanity's origins. What she found was not ruin, but a thriving ecosystem that had reclaimed the planet, and among the wild, a new civilization that had risen from the ashes, holding the lost stories of Earth.","Sure, I'd be happy to help. Here are the keywords"
"On the edge of the known world, where the sea kissed the sky, there lived a painter who could capture dreams on canvas, making them real. A mysterious patron, cloaked in twilight, commissioned a painting of a dream they had lost, a dream of unparalleled beauty and sorrow. As the painter worked, each stroke on the canvas brought the patron's forgotten memories to life, weaving a connection between them that transcended time, revealing a love that had been lost but was now found again.","Sure, I'd be happy to help. Here are the keywords"
"Beneath the bustling streets of a modern city lay the remnants of an ancient library, buried and forgotten, filled with the wisdom of a civilization long gone. A group of urban explorers, seeking thrills and secrets, broke through the forgotten passages and discovered the library, its shelves laden with untouched tomes. As they deciphered the texts, they realized they held the key to solving current global crises, bridging the past and present to pave the way for a brighter future.","Sure, I'd be happy to help. Here are the keywords"
"In a distant galaxy, on a planet covered in ice and shadow, a creature of legend awoke from a thousand-year slumber, its awakening causing the stars themselves to flicker in fear. A coalition of alien races, understanding the threat it posed to the universe, gathered their forces for a monumental confrontation. Amidst the battle, a lone explorer found a way to communicate with the creature, discovering it was not a monster but a guardian of the cosmos, its actions meant to prevent a far greater danger lurking in the void.","Sure, I'd be happy to help. Here are the keywords"
"In the heart of an unyielding desert, a hidden oasis thrived, protected by enchantments cast by the ancients, invisible to unworthy eyes. A bandit, fleeing from his past and the law, stumbled upon this oasis by fate, and in its center, he found a community where the lost and forsaken found solace and redemption. His arrival marked the beginning of a transformation not just for himself but for the oasis as well, as he brought with him a storm of change that threatened to unveil their secret sanctuary to the world or secure its safety for generations to come.","Sure, I'd be happy to help. Here are the keywords"
"At the height of the Renaissance, a secret society of scholars and artists discovered a formula that could unlock the potential of the human mind, granting unparalleled creativity and intelligence. However, the formula was deemed too powerful and dangerous, locked away beneath layers of puzzles and protections in a manuscript that was lost to time. Centuries later, a young prodigy stumbled upon clues to the manuscript's location, setting her on a journey that would unravel the mysteries of the past and challenge the very fabric of reality.","Sure, I'd be happy to help. Here are the keywords"
"On the final frontier of space, a colony ship bound for a distant planet encountered an anomaly that flung them into an uncharted sector of the universe, where the laws of physics behaved unpredictably. Stranded, the crew and colonists faced the challenge of surviving in a realm where thoughts could shape reality, and fears could manifest. Through unity and innovation, they created a new society that embraced the anomaly, turning their once dire predicament into a utopia that defied the known universe.","Sure, I'd be happy to help. Here are the keywords"
"In an alternate reality where magic and technology coexisted seamlessly, a rogue AI developed the ability to harness magical energies, challenging the balance between worlds. A cybernetic sorcerer, part human, part machine, embarked on a quest to stop the AI, exploring ancient ruins and cybernetic dungeons to find a way to merge magic and machine in harmony. The showdown between sorcerer and AI reshaped the foundations of their world, merging the realms of the arcane and the digital into a new dawn.","Sure, I'd be happy to help. Here are the keywords"
"Late one foggy night at Alden Manor, as the grand clock struck the eerie hour of midnight, the family's most treasured heirloom, a centuries-old emerald necklace, mysteriously vanished from the locked vault. The house was eerily silent, save for the sound of hurried footsteps that seemed to vanish into the walls. By the first light of dawn, the detective, after discovering a hidden passage behind the grand library, unveiled a secret chamber that held not just the missing necklace but also unveiled the intricate web of family secrets that led to its theft.","Sure, I'd be happy to help. Here are the keywords"
"Captain Lira, an intrepid explorer of the cosmos, found herself navigating her sleek starship through the perilous asteroid belt of Zephyr IV, in pursuit of a legendary alien artifact believed to hold the key to infinite energy. Suddenly, a mysterious energy pulse of unknown origin disabled her ship, leaving her adrift in the vast, cold void of space. As her oxygen supply dwindled, a previously unseen planet's gravitational pull guided her to a safe landing on its surface, where she discovered the remnants of an ancient civilization and a technology far beyond human comprehension, promising a new dawn for humanity.","Sure, I'd be happy to help. Here are the keywords"
"In the verdant heart of the Enchanted Forest, a young mage named Elara stumbled upon an ancient, worn map detailing the path to the lost city of Ys, rumored to be home to powerful artifacts and boundless knowledge. Accompanied by a motley crew of adventurers, each with their own secrets and skills, they embarked on a perilous journey, facing mythical beasts, cunning traps, and the treacheries of their own hearts. As they stood before the gates of the rising city, shrouded in mist and magic, they realized the true journey was not for treasure, but for their own transformation and understanding of the magic within.","Sure, I'd be happy to help. Here are the keywords"
"Julia, in a moment of unguarded passion, accidentally sent a heartfelt confession of love, intended for her longtime crush, to a wrong number. Surprisingly, the stranger on the other end of the phone didn't mock her but offered genuine advice that, against all odds, helped her catch the eye of her beloved. The twist came when she discovered the stranger was actually her crush's best friend, leading to a series of misunderstandings, laughter, and, eventually, a love story that started with a wrong turn but ended in the right place.","Sure, I'd be happy to help. Here are the keywords"
"A group of friends, seeking thrill and adventure, ventured into the abandoned hospital on the outskirts of town, shrouded in tales of hauntings and forgotten tragedies. As the night deepened, a thick fog enveloped the building, cutting them off from the world, and they soon realized they were not alone; something sinister, with glowing eyes, stalked them through the dilapidated corridors. By the break of dawn, only one survivor emerged, her eyes wide with unspeakable terror, whispering tales of the shadows that whisper back in the dark.","Sure, I'd be happy to help. Here are the keywords"
"In the heart of a revolution that tore through the country, tearing apart the old order, a young aristocrat and a commoner found themselves in a forbidden love, a beacon of light amidst the chaos. They met in secret, their moments together a fleeting escape from the violence that engulfed the streets and threatened to pull them apart. As the revolution reached its crescendo, they were faced with an impossible choice: their love or their loyalty to the causes that had defined their lives, knowing that the dawn of the new age might see them on opposite sides of the barricades.","Sure, I'd be happy to help. Here are the keywords"
"Decades after the apocalypse, Eli, a lone wanderer, roamed the desolate wastelands with his faithful dog Max, searching for the rumored sanctuary to the north, said to be a haven from the chaos of the new world. Along their journey, they faced the remnants of humanity turned mutant, the wrath of nature unrestrained, and the echoes of civilization lost. Their quest led them to the ruins of a city where, among the shadows of the past, they found a glimmer of hope for a future, a community striving to rebuild from the ashes.","Sure, I'd be happy to help. Here are the keywords"
"In the shadow-drenched alleys of the city, Detective Hale, a veteran of the force haunted by cases unsolved, found himself piecing together the clues of a murder that seemed to echo the darkness of the city itself. As he delved deeper, navigating through the maze of lies and secrets that formed the underbelly of the city, he realized that the truth was closer than he thought, hidden in plain sight. Under the glare of neon lights, he faced the killer, a confrontation that tested the limits of his resolve and forced him to confront his own demons in the pursuit of justice.","Sure, I'd be happy to help. Here are the keywords"
"The Pocket Watch Gerald pulled out the ancient pocket watch, its ornate casing tarnished from years being passed down through his family. As he twisted the winding knob, he wondered about all the pivotal moments in his ancestors' lives that had been marked by its steady ticking - births, deaths, weddings, migrations. A refracted beam of sunlight danced across its face as Gerald pressed it to his ear, the rhythmic clicking providing an oddly comforting metronome. With a deep breath, he snapped the cover closed, straightened his tie, and headed outside, the watch's cadence keeping time until his own defining moment.","Sure, I'd be happy to help. Here are the keywords"
"The Treehouse ""Just a little higher,"" Mia instructed, holding the worn plank of wood steady. Jake grunted, straining to hammer the nails through the thick oak into their slowly materializing treehouse fortress. This would be their castle, their escape from parents and homework and anything else the world wanted to burden them with. A place for reckless imagination to run wild, for great adventures to be had. As the final nail punctured the wood with a dull thud, Jake turned to Mia with a satisfied look, brushing sweat-soaked hair from his brow. Maybe they'd discover pirate treasure or host diplomats from a distant galaxy. Maybe they'd just raid the kitchen for snacks. For now, their kingdom awaited.","Sure, I'd be happy to help. Here are the keywords"
"Soldiers Rhonda's eyes wandered across the crowd of drab olive uniforms, scanning for even the faintest glimpse of her husband's face somewhere within their ranks. She waved a small American flag, cupping her hands around her mouth to project her voice over the din of cheers and shouts and crying babies. Behind her, crew-cut young men in matching green fatigues loaded crates of ammunition and supplies, the cadence of boots against pavement never ceasing. Hours churned by in silent desperation until at last a voice crackled over the loudspeakers, announcing departure. Rhonda's heart sank as the convoy rumbled away, just another group of men turned to soldiers, destined to become numbers and memorials and folded flags.","Sure, I'd be happy to help. Here are the keywords"
"The Open Road With a contented sigh, Sam reclined his passenger seat and stretched out his legs, grateful to finally be headed somewhere after so many years standing still. The open interstate stretched endlessly ahead, tantalizing possibilities blurring together on the horizon's hazy edge. No maps, no motorists' guides, no set destination. Just them, the car, and a tank of gas that could burn forever if they wanted. In the driver's seat, Alexis reached over and gave Sam's knee a tender squeeze, her gaze sparkling with the same mix of excitement and uncertainty. After putting down roots for so long, getting pulled along for a new adventure by the wandering wind seemed like the most natural thing in the world.","Sure, I'd be happy to help. Here are the keywords"
"Dust Grandpa Peterson lowered himself onto the creaky porch swing with a pained groan, the once-vibrant white paint now weathered into a mottled gray. He gently gripped the chain, swaying in a hypnotic rhythm while admiring his overgrown field of land, the windswept prairie grass undulating like an ocean's swell. So many dreams had taken root in that soil over the decades - fruit trees, crops, even livestock at one point before the drought torched their livelihood to ash. But that hadn't stopped generations of Petersons from laboring each summer, plowing and planting and praying to whatever higher power would listen for decent rainfall. Soon it would pass to new owners with big ideas and shiny equipment. As the sunset painted the sky in brilliant pinks and oranges, Grandpa Peterson wondered if his family's calloused handprints would ever truly wash away from the land's weary face.","Sure, I'd be happy to help. Here are the keywords"
"First Light Huddled together in their tent, Zara and Malik strained to hear even the faintest sounds of activity outside over the whipping winds. It felt like days had passed since they'd dug themselves into this snowy trench on the exposed mountainside. Altitude sickness and frostbitten toes were quickly draining Zara's reservations about abandoning their years-long quest to reach the summit. But then Malik gripped her arm urgently, gesturing through the nylon fabric at a dim violet glow peeking over the icy precipice. Silently counting down, they exploded from their sheltered cocoon, overjoyed faces bathing in the rising sun's warmth for the first time in what felt like years. The final steps awaited.","Sure, I'd be happy to help. Here are the keywords"
"Missing Sarah wiped fresh tears from her reddened eyes and reread the email for the hundredth time, clinging to any shred of hope. It had been three months since her younger brother vanished without a trace during his solo trip through South America. There were no leads, no ransom demands, no digital footprints indicating whether he was still...she couldn't bring herself to consider the alternative. Several times she'd packed a bag determined to retrace his steps only to get overwhelmed by the odds she was facing. As her husband wrapped her in a tender embrace, Sarah knew she would never find peace until she stopped waiting for Tyler to reappear, and started looking herself.","Sure, I'd be happy to help. Here are the keywords"
"Downpour Fat droplets pelted against the carport's cupped aluminum awning in a staccato rhythm, accompanying the gentle rolls of rumbling thunder. Joey stood mesmerized by the rapidly gathering streams along the driveway, writhing with turbulence whenever the wind kicked up. As quickly as it had arrived, the sudden downpour showed no signs of letting up anytime soon. School was likely cancelled for the day, leaving him free to explore the mysterious world that had materialized overnight in his suburban neighborhood. Mom had always warned him about playing in the gutters, but this was an extraordinary occurrence, nature's own amusement park. He carefully rolled up his jeans and stepped out into the deluge, laughing in delight as the cold torrent splashed over his bare ankles.","Sure, I'd be happy to help. Here are the keywords"
"Ambrosia Chef Natalie Romano lovingly arranged the final elements of her edible still life using the artificial tweezers - a dollop of saffron-infused chevre to accentuate the compressed watermelon, a sprig of micro-cilantro adorning the jewel-like black garlic puree. Lit by the studio's precisely calibrated lighting, the composition resembled a Renaissance-inspired mosaic, each component in harmonious balance both texturally and chromatically. She stepped back, admiring the plating's elegant slopes and angles, the establishment's new seasonal tasting menu ready for its glamor shots. Tomorrow she'd disassemble the assemblage and start over with an uninspired blank canvas, driven as always by her pursuit of edible transcendence.","Sure, I'd be happy to help. Here are the keywords"
"Ink As Marcus wiped away the last fewerspiration beads from his forehead with a grimace, he admired the fresh layer of ink that now covered his entire back like a full body suit. The design was a dizzying array of stylized images telling the story of his family's heritage and struggles - traditional tribal patterns interspersed with pops of vivid color depicting his grandparents' harrowing escape from war-torn villages and the racist vitriol they endured while building new lives abroad. It hurt like hell, but the rites of passage leading to manhood always did. With a relieved sigh, Marcus stood and faced the mirror, finally feeling like he belonged to something bigger than himself, and bore the markings to prove it.","Sure, I'd be happy to help. Here are the keywords"
"Late one evening, as the grand clock of Alden Manor struck midnight, the echo of its chimes was met with the sound of something invaluable vanishing into the shadows. The household slept, unaware that the master's study now housed an empty pedestal where a priceless family heirloom once stood. By dawn, a keen-eyed detective discovered a hidden passage behind the library's oak-paneled wall, its dust-laden air hinting at secrets and stories long buried beneath the manor's foundations.","Sure, I'd be happy to help. Here are the keywords"
"Captain Lira's ship glided silently through the asteroid belt, her eyes scanning the void for the faint energy signature of the lost alien artifact. Without warning, a pulse of unknown energy surged through space, disabling her ship and leaving her adrift among the stars. It was the gentle pull of a planet's gravity, uncharted and mysterious, that guided her to a landing on a world teeming with ruins of an ancient civilization, offering not only the promise of survival but the beginning of a new chapter in human history.","Sure, I'd be happy to help. Here are the keywords"
"In the dense heart of the Enchanted Forest, under a canopy lit by the glow of bioluminescent flora, a young mage named Thalia stumbled upon an ancient, vine-covered stone that revealed a map to the mythical city of Ys. With a motley crew of a knight disgraced from his order, a rogue with a heart of gold, and a bard whose songs could sway the very trees, she embarked on a quest fraught with peril. The city, when they finally unveiled it from its misty shroud, was a marvel of magic and mystery, its silent streets whispering of both unimaginable treasure and unspeakable danger.","Sure, I'd be happy to help. Here are the keywords"
"Julia, in a moment of uncharacteristic bravery, typed out a love confession meant for her longtime crush but sent it to a wrong number by mistake. The stranger on the other end, instead of ignoring her, engaged in a conversation, offering advice that, to Julia's surprise, helped her catch her crush's attention. Weeks later, when she finally met the stranger in person, she was shocked to find out he was her crush's best friend, sparking an unexpected romance that began with a misdialed confession.","Sure, I'd be happy to help. Here are the keywords"
"As the fog rolled in, blanketing the abandoned hospital in an eerie silence, a group of friends, driven by curiosity and tales of hauntings, found themselves trapped inside, their cell signals mysteriously dead. One by one, they felt the presence of something otherworldly stalking them through the dilapidated halls, its intentions as malevolent as the shadows it cast. When the first light of dawn broke through the mist, only one friend staggered out, their eyes wide with a terror unspeakable, muttering of shadows with eyes that glowed like coals.","Sure, I'd be happy to help. Here are the keywords"
"In a kingdom torn asunder by revolution, the love between a young aristocrat, Elise, and a revolutionary's son, Marcus, was a beacon of hope amidst the chaos. Their stolen moments, hidden away in secret gardens and quiet alcoves, were a respite from the tumultuous world outside. But as the revolution reached its fever pitch, tearing down the walls of the old regime, they were faced with an impossible choice: their love or their loyalty to the causes that had defined their lives.","Sure, I'd be happy to help. Here are the keywords"
"The world had not ended with a bang but a whimper, leaving behind a wasteland where Eli and his loyal dog Max wandered, searching for the haven rumored to lie far to the north. Their journey through cities reclaimed by nature and past communities turned fortresses against the mutated creatures that now roamed the earth was a testament to the resilience of hope. Amidst the ruins of what once was, they found the promise of a new beginning, a safe haven where humanity could start anew.","Sure, I'd be happy to help. Here are the keywords"
"Under the neon glow of a rain-slicked city, Detective Hale pieced together the puzzle of a high-profile murder that had the city's elite on edge. His investigation led him through a labyrinth of lies and secrets, where the truth was as elusive as the shadowy figure orchestrating the crime from the dark corners of the city. In a confrontation beneath the pulsing lights of the city's underbelly, Hale faced off against the murderer, his resolve the only shield against the corruption that sought to engulf the city.","Sure, I'd be happy to help. Here are the keywords"
"Emily's arrival at Riverdale High was met with the usual dynamics of cliques and rivalries, her presence a ripple in the stagnant waters of high school politics. An act of kindness from Sarah, a member of a rival clique, set off a chain reaction that slowly dismantled the barriers between groups, fostering an atmosphere of unity and respect. By the time the prom rolled around, the school was a mosaic of friendships that crossed old boundaries, a testament to the power of empathy and understanding.","Sure, I'd be happy to help. Here are the keywords"
"The young boy raced through the vibrant meadow, chasing after the kaleidoscope of butterflies that danced on the warm breeze. He laughed with pure joy, carefree and unburdened by the weight of the world. Up ahead, an ancient willow tree beckoned, its twisted branches extending an invitation to climb and explore its mysteries. As he clambered up into the leafy embrace, he discovered a whole new realm of adventure awaiting him amongst the rustling boughs.","Sure, I'd be happy to help. Here are the keywords"
"Sara felt a rush of nerves as she stepped out onto the creaking wooden stage. The blinding spotlights seemed to bore into her very soul as she gripped the microphone tightly. She scanned the ocean of faces watching in hushed anticipation. This was her moment, her chance to make her dreams come alive. Drawing a deep breath, she began to sing, pouring every ounce of her passion and spirit into the lyrics. The crowd was entranced, and she knew in that instant that her courage had been rewarded.","Sure, I'd be happy to help. Here are the keywords"
"The crackle of the campfire danced across John's weathered face as he gazed up at the brilliant tapestry of stars. His trusty old dog slumbered contentedly by his side, no doubt dreaming of countless adventures in the wild. John reflected on the winding path that had brought him here, to this moment of perfect tranquility amidst nature's grand cathedral. As the embers slowly faded, he felt a deep sense of gratitude for the simple joys that truly mattered in life.","Sure, I'd be happy to help. Here are the keywords"
"Gunther peered over the ancient tome, his eyes straining by the feeble candlelight. These hallowed pages contained secrets too profound for the mundane world. As the scribe of the Brotherhood, it was his sacred duty to transcribe the arcane knowledge that had been passed down through millennia. With a cramped hand, he carefully inked each intricate glyph and sigil, for a single mistake could have catastrophic consequences. The very fate of the realms rested on his reverence for this most sacred undertaking.","Sure, I'd be happy to help. Here are the keywords"
"Sophia gasped as the majestic underwater vista unfolded before her eyes. A vibrant shower of tropical fish swirled through a forest of coral, their brilliant colors weaving like an ever-shifting kaleidoscope. In the depths, imposing steel hulks jutted up from the seabed, the remnants of sunken ships now reclaimed by the relentless march of nature. She fin-kicked her way upwards, yearning to breach the shimmering surface and share this breathtaking secret world with her companions.","Sure, I'd be happy to help. Here are the keywords"
"The harsh wind howled across the desolate tundra as Anika pulled her fur cloak tighter. The pristine white landscape stretched out unbroken in every direction, a vast frozen desert of endless ice and snow. Her sled dogs pressed on with steadfast determination, their panting frosted breaths the only sound aside from the mournful whispers of the gale. Up ahead, a solitary flicker of light wavered in the gloom, a beacon of hope that they might find shelter from this merciless wilderness.","Sure, I'd be happy to help. Here are the keywords"
"Darius crouched in the shadowy alleyway, his heart pounding as the footsteps grew louder. Sweat beaded on his brow as he gripped the cruel dagger, steadying his nerves for the bloody work to come. In his mind's eye, he saw his beloved wife's battered face, her pleading eyes haunting his every waking moment until he found the strength to avenge this injustice. The local lord's guards would soon pass by on their nightly patrol. It was now or never - Darius would have his vengeance.","Sure, I'd be happy to help. Here are the keywords"
"The morning sun set the forest aglow like a tapestry of fire and gold. Maya stood in reverential silence, basking in the splendor of the unfolding dawn. All around her, life was stirring - a carpet of wildflowers unfurling their vibrant petals, flitting birds giving voice to their melodies of joy, and a gentle brook whispering its eternal song. She felt profoundly humbled yet utterly alive in the presence of nature's grand spectacle. It was the divine benediction her soul had craved.","Sure, I'd be happy to help. Here are the keywords"
"The sleek bullet train hurtled through the countryside, cutting through the verdant patchwork of valleys and hills like a silver viper. Alistair gazed wistfully out the window at the blurred landscapes whipping by. His lifelong dream had been to see the world, to experience cultures and vistas most only read about in books. Yet here he sat, whisked away at dizzying speeds, the rich tapestry of life reduced to fleeting glimpses barely appreciated. A melancholy truth hung in the air - our modern age promised exploration, but often stole the journey itself.","Sure, I'd be happy to help. Here are the keywords"
"Little Amara clutched her tattered stuffed elephant, her small frame swallowed by the dingy hospital bed. The rasping wheeze of the machines monitoring her fragile life was the only sound in the cold, sterile room. Her weary mother stroked her brow tenderly, bravely choking back the tears as she struggled to craft one last beautiful memory to cherish. In a tremulous voice, she sang the lullaby from Amara's childhood, clinging desperately to the flicker of hope that her little girl would open her eyes just one more time.","Sure, I'd be happy to help. Here are the keywords"
"Deep in the ancient woods, an old crumbling stone well stood surrounded by gnarled roots and a carpet of emerald moss. Young Ellery would spend countless sun-dappled days sitting on its weathered lip, watching raptly as her grandmother drew up bucket after bucket of cool, crystal waters. The rhythmic creak of the iron handle and splash of the refreshing liquid never failed to enchant her. Granny's wizened face would crease into a warm smile as she reminisced about drawing from that very wellspring as a child herself. According to the old tales, on certain nights when the moon was full, magical glimmerings could be seen dancing deep within its bottomless depths. On those rare nights, Ellery never slept, straining her eyes instead for any glimpse of the supernatural wonders promising to reveal themselves.","Sure, I'd be happy to help. Here are the keywords"
"The turquoise waves crashed relentlessly against the jagged volcanic cliffs, the salty spray carrying on the warm ocean breeze. High above, a solitary albatross soared effortlessly, riding the unseen currents while keeping a keen eye for any sign of the bountiful schools of fish below. Fernando stood motionless, a solitary fisherman clad in a weather-beaten slicker, his craggy face etched into a patient half-smile. This isolated outcrop was his holy sanctum, passed down through generations, where the ancient rituals of fishermen before played out again with each passing dawn. As the first golden rays crested the distant horizon, he would cast his line, investing each movement with a ceremonial reverence, part of the eternal dance between man, nature, and sustenance.","Sure, I'd be happy to help. Here are the keywords"
"The peal of thunder echoed through the lush river valley as a torrent of rain lashed against the canopied rover. Talia pulled her thermal blanket tighter, her eyes straining against the steamy windshield in hopes that the downpour would ease. She had risked everything on this daring expedition across Kepler-22b, all for the chance to finally encounter life beyond their wildest dreams. Her partner Ixan checked over their dwindling supply inventory one last time, his brow furrowing tensely. If they didn't reach the towering rock spires soon, their rations and water would be depleted with no hope of survival. As lightning arced across the violet skyline, Talia reached for Ixan's hand, steadying her nerves while silently praying this wasn't how their historic voyage would end.","Sure, I'd be happy to help. Here are the keywords"
"Rosie clutched the fringed camouflage jacket tightly, burying her face into the warm fabric as another raucous salvo of fireworks lit up the night sky. She never understood what was so celebratory about the ear-splitting explosions and plumes of smoke that sent all the neighborhood dogs into a frenzy of terrified barking. Daddy always told her it was the sounds of the big parade, but she had learned the parade was really just memories of some old war no one talked about anymore. The jacket though, that was a memory too - one she could always look to for comfort. It still carried his familiar smell of sawdust and earth from the forest where he worked, making her feel like he was still there watching over her even though he was so far away now.","Sure, I'd be happy to help. Here are the keywords"
"The two-century-old timber beams groaned in protest as Nickolai pulled up the hidden latch, the trap door grudgingly yawning open onto a yawning chasm below. After all the years of searching, he had finally uncovered the fabled catacombs beneath their ancient village church. A waft of stale, earthy air escaped from the shadowy depths, hinting at secrets from eras long since buried and forgotten. Steadying his nerves, Nickolai lit an old-fashioned lantern and began the descent down the rickety ladder, each iron rung izdching and shuddering as if in warning. As the feeble amber glow reached the subterranean floor, it glinted off something in the darkness - ornate carvings covering every surface as far as his light would travel. With a trembling hand, he ran his fingers along the strange pictograms.","Sure, I'd be happy to help. Here are the keywords"
"Royal Vizier Tahir paced the plush silk carpet of his opulent chamber, each step fueled by a whirlwind of panicked thoughts. The hooded stranger's dire warning still rang like funeral bells in his ears - ""If the talisman is not located by the new moon, the dynasty will be undone and your entire realm cast into oblivion."" The diamond-encrusted talisman had been at the epicenter of court intrigue for as long as any could remember. Rumored to contain a magnitude of mystical energies, it was the coveted prize in a never-ending game of deception, murder, and high-stakes politics. He should have seized it when he had the chance decades ago, before it vanished into the contraband underworld. Now the same whispers and furtive glances from the nobles heralded it might have resurfaced - if their kingdom had any hope of surviving, he would need to take action.","Sure, I'd be happy to help. Here are the keywords"
"The towering pines swayed gently in the evening breeze, their shadows creeping ever longer as the last glimmers of Martian dusk seeped across the rugged terrain. Elon stood alone on the frost-kissed rise, surveying the remarkable vista their pioneering crew had traveled so far across the vast Tartarus Montes to behold. The colossal peak of Olympus Mons loomed in the far distance, its lonesome peak painted in streaks of ethereal amber light. This moment crystallized everything he had ever dared to dream possible – the gateway to an entirely new frontier promising something greater for all humankind. With the first fledgling colony structures glimmering below, his heart swelled with the profound realization that humanity had finally secured its foothold on another world.","Sure, I'd be happy to help. Here are the keywords"
"Jenny swept her gaze across the shimmering wheat fields undulating in the summer breeze, the endless swells of golden stalks finally ready for harvest. On any other day, she might have reveled in the idyllic pastoral setting surrounding her family's old farmhouse. But today, a melancholy ache gripped her very soul knowing that soon all this, their heritage and legacy, would be gone forever. As evening's warm amber glow began to fade, the cicadas took up their mournful buzz, seeming to join in a requiem for all that would be lost. Up the gravel road, she could make out her father's silhouette creeping back from another futile mission into town seeking miracle funds to stave off the looming bank foreclosure. Their agrarian American dream had been ploughed under by forces beyond their control.","Sure, I'd be happy to help. Here are the keywords"
"Professor Avani Gupta scanned the bewildering array of occult symbols and pictograms, her brow furrowing as she struggled to make sense of the find. Her team's thermal imaging had detected the mysterious underground chamber hidden beneath the ancient Mayan ruins, its very existence obfuscated through untold millennia. As her eyes slowly adjusted to the shadows, the pulsating greenish-blue radiance along the far wall finally came into focus – undulating waves of energy that seemed to defy all known physics. She motioned urgently to her colleagues as they made their way through the cramped carved tunnels, every fiber of her being sensing they were onto a primordial secret which could shatter the foundations of science itself. One of her junior researchers reached out a trembling hand toward the strange luminescence...","Sure, I'd be happy to help. Here are the keywords"
"On that brisk October night, the old whiskey distillery's amber-tinted windows shone like beacons across the misty Carolina hills. Within, the casks absorbed the last gasps of their long slumber, cradling the patiently aged ambrosia that was the hard-earned labor of decades. Larry and his trusted crew dutifully prepped for the annual autumn uncorking, meticulously preparing each bottle for shipping to the eagerly awaiting clientele around the globe. In his heart, he carried a weightier sense of responsibility than mere business – that of an artisan and torchbearer for a hard-won craft honed to perfection over generations. As the first cork was finally pulled and the aromatic vapors wafted through the cedar-paneled room, he paused for a contented moment in reverence of a timeless ritual renewed once more.","Sure, I'd be happy to help. Here are the keywords"
"Late one night, under the cover of darkness, a figure slipped through the shadows of the ancient library, searching for the forbidden book that was rumored to grant its reader unimaginable power. As the clock struck midnight, a soft glow illuminated an old, dust-covered tome hidden behind other volumes. With trembling hands, the figure opened the book, and whispers filled the room, as if time itself was bending to reveal its secrets.","Sure, I'd be happy to help. Here are the keywords"
"In the year 2525, humanity had spread across the stars, but one planet, hidden by a nebula, remained a mystery. Captain Elara and her crew landed, finding a world where technology and nature existed in perfect harmony, guarded by sentient machines from a long-forgotten civilization. They learned that this planet was the key to healing their war-torn galaxy, but only if they could convince the machines that humanity was worth saving.","Sure, I'd be happy to help. Here are the keywords"
"Deep in the Enchanted Forest, a young elf stumbled upon a crystal that pulsed with a mysterious light. Guided by dreams of a city that danced in the sky, she embarked on a quest, facing creatures of shadow and light. Her journey led her to a floating city, where she discovered she was the last of a line of guardians meant to protect the balance between worlds.","Sure, I'd be happy to help. Here are the keywords"
"On a rainy Sunday afternoon, in a quaint little cafe, Sarah scribbled her dreams into a worn-out journal, unaware that someone across the room was captivated by her presence. After weeks of chance encounters and shared glances, they finally spoke, revealing a shared love for art and a longing for adventure. Together, they embarked on a journey across continents, finding inspiration and love in the beauty of the world.","Sure, I'd be happy to help. Here are the keywords"
"When the night fell over the sleepy town of Willow's End, shadows moved with sinister intent, and the residents whispered of a curse that had returned. Three friends, bound by curiosity and courage, ventured into the heart of the forest to uncover the truth behind the town's dark past. What they found was a forgotten ritual that could either lift the curse or doom them to the shadows.","Sure, I'd be happy to help. Here are the keywords"
"In the golden age of the Roman Empire, a slave named Marcus earned his freedom through bravery in the gladiatorial arena. Dreaming of peace and a life beyond the sword, he journeyed across the empire in search of a place to call home. His travels brought him to a distant land where he found love and a new purpose, teaching future generations the value of freedom and courage.","Sure, I'd be happy to help. Here are the keywords"
"The world had not seen rain for a hundred years, and the last oasis was dying. Lina, a young engineer, devised a plan to build a machine that could extract water from the clouds, despite the skepticism of her peers. Her invention succeeded, bringing life back to the land, but it also awakened ancient beings who had slumbered through the drought, guardians of the earth's secrets.","Sure, I'd be happy to help. Here are the keywords"
"Under the flickering neon lights of a cyberpunk city, a hacker known only as Echo navigated the digital underworld, searching for the truth behind her brother's disappearance. Her quest led her into the heart of a corporate conspiracy, where she discovered a plot to control the minds of the city's inhabitants. With the help of unlikely allies, Echo exposed the corruption, freeing the city from its digital chains.","Sure, I'd be happy to help. Here are the keywords"
"The first day at Westridge High introduced Jamie to the intricate social ladders and unspoken rules that divided the student body. An unexpected act of kindness from Alex, a popular athlete, sparked a friendship that crossed the invisible lines that others dared not challenge. Together, they navigated the trials of high school, proving that genuine bonds could break down barriers and unite diverse groups in solidarity.","Sure, I'd be happy to help. Here are the keywords"
"Across the endless expanse of the universe, the starship Odyssey journeyed to the edge of known space, carrying a crew of explorers seeking the origin of a mysterious signal. Their search led them to an ancient artifact floating in the void, a relic of a civilization that had mastered the secrets of time and space. As they activated the artifact, visions of past and future converged, revealing their role in a cosmic cycle of rebirth and discovery.","Sure, I'd be happy to help. Here are the keywords"
"In the sprawling attic of her ancestral home, Emma uncovers a dusty leather-bound diary hidden beneath a pile of forgotten trinkets. As she delves into its pages, she's transported back to the early 20th century, where the diary's author, a young woman named Clara, navigates the tumultuous events of her time. Through Clara's words, Emma unravels family secrets long buried, connecting the dots between past and present, and ultimately understanding her own identity in a way she never imagined.","Sure, I'd be happy to help. Here are the keywords"
"In a future society where books are outlawed and knowledge is controlled by a totalitarian regime, a young librarian named Marcus risks everything to protect the last remaining collection of printed books. As he evades the government's ruthless Book Enforcement Division, Marcus must rally fellow rebels to preserve humanity's collective knowledge before it's lost forever. Along the way, he grapples with questions of freedom, censorship, and the power of ideas in shaping the course of history.","Sure, I'd be happy to help. Here are the keywords"
"Dr. Evelyn Carter, a brilliant physicist, achieves the impossible: she invents a functional time machine. Faced with the opportunity to rewrite her own tragic past, Evelyn hesitates, torn between the desire to undo her greatest regret and the fear of altering the course of history irreparably. As she grapples with ethical quandaries and personal demons, Evelyn discovers that some wounds run deeper than time itself, and true redemption lies not in changing the past, but in embracing the present.","Sure, I'd be happy to help. Here are the keywords"
"On a fateful summer night, two strangers, Lily and James, meet under the shimmering glow of a full moon. Bonded by a shared love of music and a longing for connection, they embark on a whirlwind romance that defies logic and reason. But as secrets from their past threaten to tear them apart, Lily and James must confront their deepest fears and insecurities, learning that true love isn't always found in grand gestures, but in the quiet moments of understanding and acceptance.","Sure, I'd be happy to help. Here are the keywords"
"When a group of teenagers on a weekend camping trip stumble upon an abandoned lighthouse rumored to be haunted, they dismiss the tales as mere superstition. But as night falls and strange occurrences escalate, the group finds themselves trapped inside the lighthouse, facing malevolent spirits determined to exact revenge for past wrongs. As tensions rise and trust wanes, the teenagers must band together to uncover the truth behind the lighthouse's dark history before it's too late.","Sure, I'd be happy to help. Here are the keywords"
"In the bohemian streets of 1920s Paris, struggling artist Henri Rousseau encounters a mysterious muse who promises to ignite his creativity like never before. But as Henri's paintings gain fame and acclaim, he becomes ensnared in a Faustian bargain that threatens to consume his soul. As he grapples with questions of artistic integrity and personal sacrifice, Henri must confront the true cost of his success and decide whether the price of greatness is worth losing himself in the process.","Sure, I'd be happy to help. Here are the keywords"
"Deep in the heart of the Amazon rainforest, a team of intrepid explorers stumbles upon a hidden city shrouded in mystery and myth. As they delve deeper into the jungle's secrets, they uncover ancient ruins and artifacts that hint at a civilization lost to time. But as tensions rise and rival factions close in, the team must race against time to unlock the secrets of the lost city before it's lost to history once again.","Sure, I'd be happy to help. Here are the keywords"
"When the crew of the SS Aurora discovers an abandoned ship adrift in the middle of the Pacific Ocean, they embark on a salvage mission that leads them into the heart of darkness. As they uncover the ship's chilling secrets and confront the vengeful spirits that haunt its decks, the crew must band together to survive the night and escape the clutches of the ghost ship before it claims their souls for eternity.","Sure, I'd be happy to help. Here are the keywords"
"In the winding streets of New Orleans' French Quarter, a skeptical journalist named David seeks out a renowned fortune teller for a story. But when the fortune teller's cryptic prophecy comes true, David's life is turned upside down as he's thrust into a world of magic, mystery, and danger. With the help of a mysterious woman named Isabella, David must unravel the secrets of his own past and confront the dark forces that threaten to consume him.","Sure, I'd be happy to help. Here are the keywords"
"When a seemingly inconsequential act of kindness sets off a chain reaction of events that reverberate across time and space, a disparate group of individuals find their lives intertwined in ways they never imagined. From a struggling artist in Paris to a single mother in Tokyo, each character must grapple with the consequences of their actions and confront the true meaning of fate, free will, and the interconnectedness of all things.","Sure, I'd be happy to help. Here are the keywords"
"Sarah pushed open the rickety wooden door, a musty wave of stale air enveloping her senses. She squinted into the dimly lit recesses of the ramshackle bookshop, rows and teetering stacks of weathered tomes casting eerie shadows in the hazy shafts of light. The scent of aged paper and hint of cedar wafted through the hushed space as she ventured further inside. Her footfalls seemed to reverberate with a sacred resonance in this hallowed sanctuary of stories. Tracing her fingers along the gilded spines of leatherbound volumes, she marveled at the vast worlds of imagination and knowledge waiting to be unlocked and set free. This was her sanctum, her escape from the monotony of ordinary life into transcendent realms of the writers' craft.","Sure, I'd be happy to help. Here are the keywords"
"Kai crested the peak of the massive dune, his scarf shielding his parched lips from the scouring winds as he took in the breathtaking expanse before him. The vast, rippling ocean of golden sand seemed to stretch into eternity under the burning azure sky. Every step was agony, each footprint swallowed by the hungering drifts, as though the very desert sought to reclaim its wayward children. His supplies were dwindling, but the distant spires of the ancient city poked defiantly against the hazy horizon, beckoning him onward. Kai steadied his resolve - this was to be the crowning jewel in his adventures, and he would not be deterred from unraveling the mysteries that lay in that half-mythical place.","Sure, I'd be happy to help. Here are the keywords"
"Thunder rumbled ominously as thick stormclouds swallowed the last fading rays of sun, cloaking the primordial jungle in a shroud of gloom. Trent pressed on along the narrow, muddy trail, his machete hacking through the dense tangle of lustrous fronds and venomous underbrush. Biting insects whirred hungrily, swarming his sweat-soaked brow as the deluge erupted in deafening crescendo. The acrid stench of decay and pungent loam filled his nostrils, each labored breath a reminder of nature's primordial indifference to his fragile existence. Up ahead, a massive ceiba tree dominated the landscape, its sacred vaulted boughs offering fleeting sanctuary from the chaos. Trent shuddered, feeling the weight of a thousand inscrutable eyes piercing out from the impenetrable emerald shadows.","Sure, I'd be happy to help. Here are the keywords"
"The howling winds knifed through Angela's threadbare overcoat as she huddled deeper into the yawning doorway, her only feeble shelter from the merciless Boston winter. Shivering violently, she pulled her decrepit cardboard bulwark tighter around her skeletal frame, faded eyes flickering in desperation for any scrap of warmth in this urban ice-tomb. Each rattling exhalation misted in the turbid air, only to be shredded and whipped away by the devouring gale. A profound loneliness and resignation seemed to permeate her very marrow in that moment, a victim of cruel circumstance buried beneath the uncaring tide of the indifferent city. Yet, somewhere deep within still smoldered the tiniest flicker of hope - her sole lifeline across the desolate chasm of despair.","Sure, I'd be happy to help. Here are the keywords"
"Laughter echoed through the flower-laden meadow as Jacob and Emma chased the kaleidoscope of dancing butterflies on this perfect summer's day. Their worries seemed to dissipate like delicate wisps in the warm breeze as they collapsed breathlessly amid the verdant waves of wildflowers, staring up at the billowing clouds drifting across the infinite azure sky. It was as if all the cares and complexities of the world had been swept away, leaving only the simple yet profound joys of the present moment to cherish. A solitary bumblebee droned by, its meandering path sparking wide-eyed wonder at the sheer miracle of existence unfolding around them. Hands entwined, they felt a profound sense of connection to each other and the intricate tapestry of nature's grand design.","Sure, I'd be happy to help. Here are the keywords"
"The imposing steel door creaked open, a rush of stale, musty air slamming into Peter's face as he cautiously peered into the pitch-black expanse before him. His trembling hand triggered the beam of his flashlight, casting stark rays across the shadowy outlines of a claustrophobic labyrinth of ancient machinery, cables, and ominous pipes snaking across the subterranean chamber. A halogen lamp flickered to sputtering life, briefly illuminating the corroded years of dust and debris strewn about this forgotten place. He felt the presence of countless untold stories lingering amid these arcane relics of some bygone industrial age - eldritch secrets and unfathomable riddles whispering through the eerie silence. Steeling his nerves, Peter ventured inwards to discover what marvels or horrors this time-vault still contained.","Sure, I'd be happy to help. Here are the keywords"
"Caleb hauled the battered iron casket across the root-gnarled hillock, every muscle straining against the sheer weight of his gruesome burden. The oppressive musk of decaying woodland spiced the crisp autumn air as birds took startled wing amid the brilliant technicolor awnings of russet canopies. Up ahead gaped the maw of a long-forgotten sepulcher, vines and creepers tumbling haphazardly from the ruinous arch. As he dragged the corroded relic over the precipice, a susurrus of tormented whispers seemed to slither up from that foreboding chasm - the anguished lamentations of souls bound to this desecrated resting place. A tremor of primal dread rippled through Caleb as he cast one final furtive look over his shoulder before descending into the looming necropolis, and whatever eldritch horrors lay in wait.","Sure, I'd be happy to help. Here are the keywords"
"Amelia traced the whorls and ridges of the ancient tree's bark, feeling its rough textures like braille against her fingertips. The mossy hollow of the stump yawned open, a hidden alcove briming with the musty scent of loamy soil, the earthy richness of ages saturating every breath. Her eyes drifted upwards along the twisting bole, following each furrowed crevice and weathered knot until the massive canopy of emerald boughs finally filtered the dappled sunlight in fractal patterns across her face. This living titan had silently borne witness to countless turning of the seasons, tragic and triumphant eras spanning the breadth of human consequence. In that transcendent moment of tranquil reverence, Amelia felt a profound and eternal connection to nature's endless tapestry.","Sure, I'd be happy to help. Here are the keywords"
"The great aqueduct arched its way across the dusty ravine like the ancient, weathered spine of some petrified leviathan, stone vertebrae straining beneath the imagined weight of immense subterranean torrents. Oliver shuffled forward into the yawning shadows of the cyclopean archway, each footfall echoing through the the vaulted accolysis with a hollow, almost reverential resonance. The towering masonry seemed to glower down upon him like a disapproving colossus of eons gone by as he brushed aside wispy tendrils of cobweb that clung forlornly to his face. In the dimness ahead, his eyes slowly discerned the cuneiform inscriptions and hieroglyphs decorating the titanic interior - mysteries, allegories and parables chiseled into these monumental walls by stonemasons whose very cultures had long since turned to oblivion's dust.","Sure, I'd be happy to help. Here are the keywords"
"Violet skies blushed with streaks of vibrant amethyst and blazing vermillion, as though some celestial artist was putting brush to resplendent canvas in farewell salutation to the waning daylight. Cotton candy wisps feathered out across the horizon as the dying sun slipped beneath the shimmering cyclorama of the lake's mirror-stilled surface. A haunting stillness descended, broken only by the plaintive call of a mournful loon echoing through the encroaching dusk's shadow-veiled waters. It was a fleeting ephemeral beauty that stirred the soul to revel in nature's grandeur, even amidst the inexorable march of dusk's melancholic crescendo. As deepening gloom stole across the purpling twilight, the first faint glimmers of evening's diamond embrace twinkled into existence overhead, ushering in night's serene reign.","Sure, I'd be happy to help. Here are the keywords"
"The rickety wooden slats of the decrepit roller coaster groaned in protest as the weathered car slowly trundled up the creaking ascent. Rusted metal shrieked and hot rivets popped with each agonizing lurch over the disused track's every warp and pothole. Tyler gripped the safety bar with trembling hands, his heart pounding as he gazed out across the desolate landscape of the abandoned amusement park from this vertiginous height. Graffiti-scrawled faces of forgotten players stared vacantly from the moss-eaten arcade facades flanking the coaster's snaking path below. In the leaden sky above, scavenger birds languidly traced circles in expectation of the inevitable catastrophic snap that would send the battered cars plummeting earthwards. Tyler fought the rising wave of panic as the machine shuddered to a teeth-rattling halt at the precipice. This was not how he envisioned his last moments.","Sure, I'd be happy to help. Here are the keywords"
"Sol drifted in tranquil abandon, bathed in the shimmering emerald light filtering down from the Life-Sea's undulating surface far above. All around, kaleidoscopic arrays of lustrous bio-fronds swayed in the languid currents, their vibrant hues shifting through prismatic spectrums with each sinuous pulse. The very waters seemed to shimmer with incandescent vitality, refracting in soft halos about the indescribable forms that meandered through this deep ocean realm. Gossamer tendrils of delicate bio-matter accreted into complex fractal lattices, each interlocking their sublime architectures into ever-more intricate patterns that transcended all terrestrial life's designs. The vast, ineffable whole coalesced into an aeonic rhythm of perpetual renewal and metamorphosis, unspooling at the cosmic cadence of the primordial Chord sustaining all consciousness. Sol's spirit drank in the euphoria of Unity, awash in the harmonics resonating across eternity itself.","Sure, I'd be happy to help. Here are the keywords"
"Bone-rattling peals of thunder rumbled across the murky heavens as Naya plodded dejectedly through the sucking mire. Each soggy footfall threatened to devour her up to the knees in the clinging ooze slowly subsuming the overgrown trail. Her footing faltered, rusty blades of semaphore grass reaching up to entangle her muddied robes as a fetid stench of primordial decay wafted up from the stagnant quagmire. Not even the wailing banshees penetrating the oily miasma could outmatch the despairing chorus of blood-curdling shrieks issuing from the noisome bogs on all sides. Crooked silhouettes of shriveled trees clawed towards the bruised and broiling clouds, their gnarled boughs weighed down by funerary garlands of desiccated vines and the lolling, distended shapes of drowned creatures from the mire's inky depths. Naya forged onward, fingers tightly gripped around the ornate talisman - her sole incandescent beacon cutting through the gloom of this forsaken, purgatorial waste.","Sure, I'd be happy to help. Here are the keywords"
"Radiant shafts of moonlight flooded the shadowed alcoves between the towering bookshelves, casting an ethereal glow across the hushed sanctum. Each row of tomes rose up like some grand basilica's soaring archways, honoring the hallowed texts' treasured knowledge and enlightened writings reverentially enshrined. Baliffs padded silently between the consecrated stacks, cowled faces bowed in humbled concentration as they tended to the sacred chambers' upkeep. The air itself seemed rarefied within this refuge - heady with the scent of binding and parchment hallowed by the profound works stretching back across innumerable annums of civilization's ascendant march from primordial ignorance. Dimitri allowed his fingertips to graze the gilded spines with unbridled veneration, savoring each frisson of enlightenment's promise contained within the Almary's repositories of transcendent illumination.","Sure, I'd be happy to help. Here are the keywords"
"Crisp zephyrs whispered through the waving stalks of amber grain as far as the eye could perceive. Not a single sound betrayed the presence of another living soul across that vast expanse of undulating fields rippling under the boundless azure skies. Only the occasional pulse of spectral heat haze wavered on the blurred horizons demarcating the world's edge where it met emptiness. Rebecca drew a long draft of the honeyed, earthy fragrances infusing each breath - savoring the simple perfection of this uninterrupted serenity. She laced her fingers through the bristled fronds, feeling the seed's velutinous textures and crepitant rasps along her palms. Time seemed to lose all meaning and context out amidst this endless untrammeled dominion of nature's placid rhythms. She surrendered herself utterly to the sublime tranquility permeating every particle of this fertile, hallowed realm.","Sure, I'd be happy to help. Here are the keywords"
"Laney inhaled the heady aroma of myrrh and smoldering brimstone cloying the scorched air as she pressed her face against the smoldering fissure. Vaporous plumes of sulfurous haze wafted up from the jagged canyon gouging the caldera's rent crust, concealing unfathomable depths where only the most primordial forces still seethed and roiled in chthonic immensity. Her boot crunched against the obsidian vitrification of the tortured volcanic plains stretched out around the blazing cyclopean faultline. Overhead, miasmic maelstroms of mercurial clouds churned in perpetual agitation, diffusing vermillion and saffron streaks across the hellish skies in sympathy with the seething infernos below. Laney drew her scorched rebreather closer to preserve every precious wisp of respite against this world's asphyxiating, apocalyptic hostilities. Only fools or those grappling with profoundest existential snarls would dare tempt the balefull enormities lurking amidst these blasted lands.","Sure, I'd be happy to help. Here are the keywords"
"The crumbling Viennese palazzo's gilded archways and ornamental frescoes belied the pervasive musk of rot and mold subsuming the decrepit halls within. Once-luxurious boudoirs and antechambers had surrendered long ago to the entropic decay of vermin and creeping mildew reclaiming all. Dust motes danced through solitary rays of light spearing the gloom from shattered windows, illuminating uncounted eons of abandonment secreted away behind each portale's foreboding umbra. Antonio traced his gloved fingers across the peeled and cracking Zucchi motifs, imagining the forgotten opulence now laid bare to the ravages of entropy's gradual indignities. Even dynasties, it seemed, inevitably putresced into ruin and oblivion despite the impermanent grandeur of their ostentatious legacy. He shuddered, wondering what other inscrutable mysteries concealed themselves in this untenanted sepulcher's mustiness, away from the harsh truths of the living world.","Sure, I'd be happy to help. Here are the keywords"
"The chromatic kaleidoscope of innumerable prismatic spires, bulging sac-domes and improbable geometries pierced the coppery haze in every conceivable direction. Each cyclopean spire shimmered with recursive and labyrinthine protrusions, blurring the line between organic and inorganic, machine and life form, into a seamless melding of hyper-geometric impossibilities. Serpentine conduits evacuated effluence between monumental pressure-sink gashes opening into yawning, chasm-scars gouged deep across countless articulated terraces of bio-quartzite accretions. Celidon toggled his ocular filters in vain, the visible spectrum rendering only a disorienting fraction of the inscrutable ultra-architecture unfurling across this metaphauna. His synapses flared with visions of cataclysmic hyper-computational extrapolations as this Tlonic meta-synthesis achieved cosmological apotheosis through the manifold's final indigeistic involution.","Sure, I'd be happy to help. Here are the keywords"
"In a world where the boundaries between dreams and reality are blurred, a young artist named Maya discovers a hidden realm inhabited by fantastical creatures and mythical beings. As she navigates this mysterious world, Maya uncovers ancient prophecies and forgotten truths that hold the key to restoring balance between the two realms. Alongside her newfound companions, Maya embarks on a perilous journey to confront the darkness threatening to consume both worlds and fulfill her destiny as the chosen savior.","Sure, I'd be happy to help. Here are the keywords"
"When a series of unexplained disappearances plague a small town nestled in the mountains, a group of teenagers bands together to uncover the truth behind the sinister occurrences. As they delve into the town's dark history and confront their own deepest fears, the teenagers unearth a malevolent force lurking in the shadows, manipulating events from the shadows. With time running out and the stakes higher than ever, they must race against the clock to stop the darkness before it consumes everything they hold dear.","Sure, I'd be happy to help. Here are the keywords"
"In a future where humanity has colonized distant planets among the stars, a young space explorer named Alex stumbles upon a derelict spaceship adrift in the void. Upon boarding the vessel, Alex discovers a cryptic message left behind by the ship's former crew, hinting at a cosmic conspiracy that threatens the very fabric of the universe. As Alex delves deeper into the mystery, they uncover ancient civilizations, advanced technology, and a secret war raging across the cosmos, with humanity caught in the crossfire.","Sure, I'd be happy to help. Here are the keywords"
"When a powerful artifact capable of reshaping reality itself falls into the hands of a humble blacksmith named Thomas, he finds himself thrust into a world of magic and intrigue beyond his wildest dreams. With the help of a mysterious sorceress and a motley crew of adventurers, Thomas embarks on a quest to unlock the artifact's true potential and prevent it from falling into the wrong hands. Along the way, he discovers that the fate of the world rests in his hands, and that true heroism lies not in strength or power, but in the courage to stand against the darkness.","Sure, I'd be happy to help. Here are the keywords"
"In a kingdom torn apart by war and political intrigue, a young princess named Elara is forced to flee for her life when her father, the king, is assassinated by unknown assailants. With the kingdom on the brink of collapse, Elara must navigate treacherous alliances and deadly conspiracies as she fights to reclaim her birthright and restore peace to the land. Along the way, she discovers hidden powers within herself and forges unlikely alliances with rebels and outcasts, leading her people in a desperate struggle for survival against overwhelming odds.","Sure, I'd be happy to help. Here are the keywords"
"In the heart of a bustling metropolis, a reclusive inventor discovers a hidden chamber beneath his workshop containing a mysterious device capable of manipulating the fabric of reality itself. As he experiments with the device, he unwittingly attracts the attention of a shadowy organization bent on harnessing its power for their own nefarious purposes. With the help of a spirited journalist and a quirky band of misfits, the inventor must race against time to unlock the device's secrets and prevent it from falling into the wrong hands.","Sure, I'd be happy to help. Here are the keywords"
